image;modality;subset;unique_label;multi_labels;description
000001_infrared.png;infrared;A;urban;street, building, car, tree;a street with cars and buildings on the right
000002_infrared.png;infrared;A;urban;street, building, car, tree;a street with cars and buildings on the right
000003_infrared.png;infrared;A;urban;street, car, tree;a street with cars and railtracks and a pedestrian on the right
000004_infrared.png;infrared;B;urban;street, car, tree;a street with cars and pedestrians on the right
000005_infrared.png;infrared;A;urban;street, car, tree;an empty street with a pedestrian, a car and a house on the right
000006_infrared.png;infrared;B;urban;street, car, tree;a street with cars and trees ont the sides and houses on the background
000007_infrared.png;infrared;B;urban;street, car, tree;a street with cars and pedestrians on the right
000008_infrared.png;infrared;B;urban;road, tree;an empty road with trees on the sides
000009_infrared.png;infrared;A;urban;street, car, tree;an empty street with pedestrians, cars and houses on the right
000010_infrared.png;infrared;A;urban;road;an empty road with houses on the sides
000011_infrared.png;infrared;A;urban;road, car, tree;a road with car and a bus on the background and trees on the sides
000012_infrared.png;infrared;A;urban;road, building, car;a road with cars and a pedestrian and buildings on the right
000013_infrared.png;infrared;B;urban;street, building, car, tree;a street with car and buildings on the background
000014_infrared.png;infrared;A;urban;street, building, car, tree;a street with cars and buildings on the right
000015_infrared.png;infrared;A;urban;street, building, car, tree;a street with cars, a pedestrian and trees on the right and buildings on the left
000016_infrared.png;infrared;A;urban;street, building, car, tree;a street with car and buildings on the background
000017_infrared.png;infrared;B;urban;road, car, tree;a road with cars and trees on the sides
000018_infrared.png;infrared;B;urban;road, car, tree;a road with cars and trees on the sides
000019_infrared.png;infrared;A;urban;road, building, car, tree;a road with cars and trees on the left and buildings on the right
000020_infrared.png;infrared;B;urban;road, tree;a road with a truck and trees on the background
000021_infrared.png;infrared;B;urban;road, tree;a crossroad with trees on the sides and pedestrians on the right
000022_infrared.png;infrared;B;urban;street, car, tree;a street with cars, pedestrians on the right and railtracks on the left
000023_infrared.png;infrared;A;urban;road, street, car, tree;a street with cars, pedestrians crossing the road, parked cars on the right and railtracks on the left
000024_infrared.png;infrared;B;urban;street, car, tree;a street with cars, trees on the right and railtracks on the left
000025_infrared.png;infrared;B;urban;street, building, car, tree;a street with cars, buildings and parked cars on the right
000026_infrared.png;infrared;B;urban;street, building, tree;a pedesctrian crossing a street with buildings on the right
000027_infrared.png;infrared;B;urban;street, tree;a street with a bycicle and trees on the sides
000028_infrared.png;infrared;B;urban;street, building, car, tree;a street with buildings on the background, pedestrians and cars
000029_infrared.png;infrared;A;urban;street, building, car, tree;a street with cars and buildings on the sides
000030_infrared.png;infrared;B;urban;street, building, car, tree;a street with cars and buildings on the sides
000031_infrared.png;infrared;A;urban;street, building, car, tree;a street with cars, motorcycle, pedestrians and bycicles and buildings on the background
000032_infrared.png;infrared;B;urban;street, car, tree;a street with cars, trees on the sides and pedestrians on the right
000033_infrared.png;infrared;B;urban;street, building, car, tree;a street with cars, trees on the right and buildings on the sides
000034_infrared.png;infrared;A;urban;street, building, car, tree;a street with cars, trees and pedestrians on the right and buildings on the sides
000035_infrared.png;infrared;B;urban;street, building, tree;an empty street with buildings on the sides and railtracks on the left
000036_infrared.png;infrared;B;urban;road, building, car, tree;a road with cars, trees on the left, buildings and parked cars on the right
000037_infrared.png;infrared;B;urban;road, building, car;a road with cars, buildings on the sides and parked cars on the left
000038_infrared.png;infrared;B;urban;road, building;an empty road with fields on the sides and mountains and buildings on the backgroun 
000039_infrared.png;infrared;B;urban;street, building, car, tree;a street with cars, a bycicle and buildings on the right and trees on the left
000040_infrared.png;infrared;A;urban;street, building, car, tree;a street with cars and buildings on the background
000041_infrared.png;infrared;A;urban;street, building, car, tree;a street with cars and buildings on the aackground
000042_infrared.png;infrared;B;urban;street, building, car, tree;a street with cars and buildings on the aackground
000043_infrared.png;infrared;B;urban;street, building, tree;an empty street with building on the sides and trees on the right
000044_infrared.png;infrared;A;urban;street, building, tree;a street with a truck, trees on the side and buildings on the background
000045_infrared.png;infrared;B;urban;street, car, tree;a street with cars, trees on the sides and pedestrians on the right
000046_infrared.png;infrared;B;urban;street, building, car, tree;a street with cars, pedestrians on the right and buildings on the sides
000047_infrared.png;infrared;A;urban;road, car;a road with cars and a truck and houses on the right
000048_infrared.png;infrared;B;urban;road, car, tree;an empty road with pedestrians on the right and trees and parked cars on the sides
000049_infrared.png;infrared;B;urban;street, building, tree;a street with a truck, a bycicle on the right and trees on the sides and buildings on the background and railtracks on the left
000050_infrared.png;infrared;B;urban;road, car, tree;a crossroad with cars and trees on the sides
000051_infrared.png;infrared;B;urban;car, tree;a parking lot with cars and trees on the background
000052_infrared.png;infrared;A;urban;road, building, car;a road with a pedestrians crossing, a car and buildings on the background
000053_infrared.png;infrared;A;urban;street, building, car, tree;a street with cars, trees on the sides and railtracks on the left and buildings on the background
000054_infrared.png;infrared;B;urban;street, building, car, tree;a street with cars, trees on the sides and railtracks on the left and buildings on the background
000055_infrared.png;infrared;A;urban;street, building, car, tree;a street with cars, trees on the sides and railtracks on the left and buildings on the background
000056_infrared.png;infrared;A;urban;street, building, car, tree;a street with cars, trees on the sides and railtracks on the left and buildings on the background
000057_infrared.png;infrared;B;urban;street, building, car, tree;a street with cars, trees and pedestrians on the sides and railtracks on the left and buildings on the background
000058_infrared.png;infrared;B;urban;street, building, tree;an empty street with buildings on the sides and railtracks on the left
000059_infrared.png;infrared;A;urban;road, building;an empty crossroad with buildings on the background
000060_infrared.png;infrared;B;urban;road, building, car;a road with cars and building on the sides
000061_infrared.png;infrared;B;urban;road, building, car, tree;a road with cars and trees on the right and buildings on the sides
000062_infrared.png;infrared;A;urban;street, building, car, tree;a street with cars, bycicle on the right, a railtrack on the left and buildings on the sides
000063_infrared.png;infrared;A;urban;street, building, car, tree;a street with cars, a railtrack on the left and buildings on the sides
000064_infrared.png;infrared;A;urban;street, building, car, tree;a street with cars, a railtrack on the left and buildings on the sides
000065_infrared.png;infrared;B;urban;street, building, tree;a street with a motorcycle, a railtrack on the left and buildings on the sides
000066_infrared.png;infrared;A;urban;street, building, tree;an empty street with buildings on the sides and railtracks on the left
000067_infrared.png;infrared;B;urban;street, building, tree;a street with motorcycles, a railtrack on the left and buildings on the sides
000068_infrared.png;infrared;B;urban;road, building, car;a crossroad with cars and buildings on the background
000069_infrared.png;infrared;A;urban;street, building, tree;an empty street with a railtrack on the left and buildings on the background
000070_infrared.png;infrared;A;urban;street, building, tree;an empty street with pedestrians crossing and buildings on the sides
000071_infrared.png;infrared;A;urban;street, building, car, tree;a street with cars, a railtrack on the left and buildings on the sides
000072_infrared.png;infrared;A;urban;street, building, car, tree;a street with cars, a railtrack on the left and buildings on the sides
000073_infrared.png;infrared;A;urban;street, building, car, tree;a street with cars, a railtrack on the left and buildings on the sides
000074_infrared.png;infrared;A;urban;street, building, car, tree;a street with cars, a railtrack on the left and buildings on the sides
000075_infrared.png;infrared;B;urban;street, building, car, tree;a street with cars and buildings on the sides 
000076_infrared.png;infrared;A;urban;street, building, car, tree;a street with cars, trees ont he left and buildings and parked cars on the left on the sides 
000077_infrared.png;infrared;A;urban;street, building, tree;an empty street with buildings on the background
000078_infrared.png;infrared;A;urban;street, building, tree;an empty street with buildings and trees on the background
000079_infrared.png;infrared;A;urban;street, building, car, tree;an empty street with a bycicle, parked cars on the sides and buildings on the background
000080_infrared.png;infrared;A;urban;street, building, tree;a street with a bycicle and buildings on the sides 
000081_infrared.png;infrared;A;urban;street, car, tree;an empty street with parked cars and trees on the sides
000082_infrared.png;infrared;B;urban;street, tree;an empty street with buidings on the sides
000083_infrared.png;infrared;A;urban;street, car, tree;a street with pedestrians and a car
000084_infrared.png;infrared;B;urban;street, building, car, tree;a street with cars, pedestrians and buildings on the left
000085_infrared.png;infrared;A;urban;road, car;a road with cars and mountains on the background
000086_infrared.png;infrared;B;urban;road, building, car;a road with cars, buildings on the sides and parked cars on the left
000087_infrared.png;infrared;A;urban;car, tree;a parking lot with cars and trees on the background
000088_infrared.png;infrared;A;urban;street, building, car, tree;a street with car and buildings on the background
000089_infrared.png;infrared;A;urban;street, building, car, tree;a street with parked cars and buildings on the left
000090_infrared.png;infrared;A;urban;street, building, tree;a street with pedestrians crossing, a bycicle and buildings on the background
000091_infrared.png;infrared;A;urban;street, car, tree;an empty street with parked cars and trees on the sides
000092_infrared.png;infrared;A;urban;street, building, tree;an empty street with buildings on the right and railtracks on the left
000093_infrared.png;infrared;B;urban;street, car, tree;a street with cars and pedestrians on the right
000094_infrared.png;infrared;A;urban;street, car, tree;an empty street with parked cars and trees on the sides
000095_infrared.png;infrared;B;urban;street, car, tree;a street with railtracks, cars and bycicles 
000096_infrared.png;infrared;A;urban;street, car, tree;an empty street with parked cars and trees on the sides
000097_infrared.png;infrared;B;urban;street, tree;a street with pedestrians on the right and trees on the left
000098_infrared.png;infrared;A;urban;street, building, car, tree;an empty street with parked cars and buildings on the sides
000099_infrared.png;infrared;B;urban;street, building, car, tree;an empty street with parked cars and buildings on the sides
000100_infrared.png;infrared;A;urban;street, building, car, tree;a street with a car and buildings on the sides
000101_infrared.png;infrared;A;urban;street, building, car, tree;a street with a car, pedestrians on the right, parked cars on the left and buildings on the sides
000102_infrared.png;infrared;A;urban;street, building, tree;an empty street with buildings on the right and railtracks on the left
000103_infrared.png;infrared;A;urban;street, building, tree;an empty street with buildings on the right and railtracks on the left
000104_infrared.png;infrared;B;urban;street, building, car, tree;a street with cars and buildings on the sides
000105_infrared.png;infrared;A;urban;street, building, car, tree;a street with cars and buildings and parked cars on the sides
000106_infrared.png;infrared;A;urban;street, tree;a street with trees on the sides and pedestrians on the left
000107_infrared.png;infrared;A;urban;street, car, tree;a street with cars and trees ont the sides and houses on the background
000108_infrared.png;infrared;A;urban;road, building, tree;a crossroad with trees on the sides and buildings on the background
000109_infrared.png;infrared;B;urban;road, building, tree;a crossroad with a pedestrian crossing and trees and buildings on the sides
000110_infrared.png;infrared;B;urban;road, building, tree;a crossroad with a pedestrian crossing and trees and buildings on the sides
000111_infrared.png;infrared;B;urban;street, building, car, tree;an empty street with trees and buildings and parked cars on the sides
000112_infrared.png;infrared;B;urban;street, building, car, tree;an empty street with trees and buildings and parked cars on the sides
000113_infrared.png;infrared;B;urban;street, building, car, tree;an empty street with parked cars and buildings on the right
000114_infrared.png;infrared;B;urban;street, building, car, tree;an empty street with parked cars on the left and buildings on the left
000115_infrared.png;infrared;B;urban;road, car, tree;a crossroad with parked cars on the right and trees on the background
000116_infrared.png;infrared;B;urban;street, building, car, tree;a street with cars, a parked car and buildings on the right and buildings on the background
000117_infrared.png;infrared;B;urban;street, car, tree;a street with a pedestrian crossing and a parked car on the right
000118_infrared.png;infrared;B;urban;street, car, tree;a street with railtracks, cars and bycicles 
000119_infrared.png;infrared;B;urban;street, building, car, tree;an empty street with parked cars on the right and buildings
000120_infrared.png;infrared;A;urban;street, car, tree;a street with cars, pedestrians on the right and trees on the sides
000121_infrared.png;infrared;A;urban;road, building, car, tree;a crossroad with railtracks on the front, cars and buildings and trees on the background
000122_infrared.png;infrared;A;urban;road, tree;a crossroad with trees and mountains on the background
000123_infrared.png;infrared;A;urban;road, car, tree;a road with a car and trees and pedestrians on the background
000124_infrared.png;infrared;B;urban;road, building, tree;an empty road with trees and buildings on the background
000125_infrared.png;infrared;A;urban;road, building, car;an empty road with parked cars and buildings on the sides
000126_infrared.png;infrared;A;urban;road, building, car;an empty road with parked cars and buildings on the sides
000127_infrared.png;infrared;B;urban;road, car, tree;an empty road with parked cars and trees on the sides
000128_infrared.png;infrared;B;urban;street, building, tree;an empty street with a pedestrian, trees and buildings
000129_infrared.png;infrared;A;urban;street, building, tree;an street with railtracks, pedestrians on the right and buildings on the background
000130_infrared.png;infrared;B;urban;street, building, car, tree;a street with a car, parked cars on the left and buildings on the sides
000131_infrared.png;infrared;A;urban;street, building, tree;an street with pedestrians, railtracks on the front and buildings on the sides
000132_infrared.png;infrared;A;urban;road, building, car;a crossroad with a car and buildings on the sides
000133_infrared.png;infrared;A;urban;street, building, tree;an empty street with buildings and a pedestrian on the left
000134_infrared.png;infrared;A;urban;street, tree;an empty street
000135_infrared.png;infrared;B;urban;street, building, tree;an empty street with a pedestrian on the right and buildings on the sides
000136_infrared.png;infrared;B;urban;road, tree;a road with bycicles and trees on the background
000137_infrared.png;infrared;B;urban;road;an empty road with a pedestrian on the background
000138_infrared.png;infrared;B;urban;road;an empty road with a pedestrian on the background
000139_infrared.png;infrared;A;urban;street, building, tree;an empty street with buildings on the sides
000140_infrared.png;infrared;A;urban;road, tree;an empty road with trees on the right
000141_infrared.png;infrared;A;urban;road, tree;a road with a truck, trees on the sides and a pedestrian on the left
000142_infrared.png;infrared;B;urban;road, building;an empty road with buildings on the background
000143_infrared.png;infrared;A;urban;road, building;an empty road with pedestrians and buildings on the sides
000144_infrared.png;infrared;A;urban;road, tree;an empty road with trees on the sides
000145_infrared.png;infrared;B;urban;road, tree;an empty road with trees on the sides
000146_infrared.png;infrared;B;urban;road, tree;an empty road with trees on the sides
000147_infrared.png;infrared;B;urban;road, car, tree;an empty road with trees on the sides and parked cars on the background
000148_infrared.png;infrared;B;urban;road, building;an empty road with a truck and buildings on the background
000149_infrared.png;infrared;A;urban;road, car, tree;a road with cars and motorcycles and trees on the sides
000150_infrared.png;infrared;B;urban;street, building, car, tree;an street with cars and buildings
000151_infrared.png;infrared;B;urban;car, city, road, street;an aerial view of a city intersection with cars
000152_infrared.png;infrared;B;urban;car, city, road, street;an aerial view of a city intersection with cars
000153_infrared.png;infrared;B;urban;building, city, road, street;an aerial view of train tracks and buildings
000154_infrared.png;infrared;B;urban;building, car, city, road, street;an aerial view of train tracks and buildings with cars
000155_infrared.png;infrared;A;urban;building, car, city, road, street;an aerial view of train tracks and buildings with cars
000156_infrared.png;infrared;A;urban;building, city, road, street;a aerial view of a neighborhood
000157_infrared.png;infrared;B;urban;building, city, road, street;a aerial view of a neighborhood
000158_infrared.png;infrared;B;urban;building, city, road, street;a aerial view of a neighborhood
000159_infrared.png;infrared;A;urban;building, city, road, street;a aerial view of a neighborhood
000160_infrared.png;infrared;A;urban;building, city, road, street;a aerial view of a neighborhood
000161_infrared.png;infrared;B;urban;building, city, road, street;a aerial view of a neighborhood
000162_infrared.png;infrared;B;urban;building, city, road, street;a aerial view of a neighborhood
000163_infrared.png;infrared;B;urban;building, city, road, train;a aerial view of a building with train tracks on the background
000164_infrared.png;infrared;B;urban;building, city, road, train;a aerial view of a train
000165_infrared.png;infrared;A;urban;city, road, train;a aerial view of a train and a road
000166_infrared.png;infrared;B;urban;building, city, road, train;a aerial view of a neighborhood and a train
000167_infrared.png;infrared;A;urban;building, city, road, train;a aerial view of a building with train tracks on the background
000168_infrared.png;infrared;A;urban;building, city, road, train;a aerial view of a building with train tracks on the background
000169_infrared.png;infrared;B;urban;building, city, road, train;a aerial view of a neighborhood and a train
000170_infrared.png;infrared;A;urban;building, city, road, train;a aerial view of a neighborhood and a train
000171_infrared.png;infrared;B;urban;building, city, road, street;a aerial view of a neighborhood
000172_infrared.png;infrared;B;urban;building, city, road, street;a aerial view of a neighborhood
000173_infrared.png;infrared;A;urban;building, city, road, street;a aerial view of a neighborhood
000174_infrared.png;infrared;A;urban;building, city, road, street;a aerial view of a neighborhood
000175_infrared.png;infrared;A;urban;building, city, road, street;a aerial view of a neighborhood
000176_infrared.png;infrared;B;urban;building, car, city, road, street;a aerial view of a neighborhood with cars
000177_infrared.png;infrared;A;urban;car, city, road, street;an aerial view of a city intersection with cars
000178_infrared.png;infrared;A;nature;mountain, nature, people, road, tree;a man walking down a road in the mountain
000179_infrared.png;infrared;B;nature;animal, nature, tree;a deer in a field
000180_infrared.png;infrared;B;urban;car, road, street;an aerial view of a road with cars
000181_infrared.png;infrared;A;urban;car, road, street;an aerial view of a road with cars
000182_infrared.png;infrared;B;urban;car, road, street;an aerial view of a road with cars
000183_infrared.png;infrared;A;urban;car, road, street;an aerial view of a road with cars
000184_infrared.png;infrared;B;urban;car, city, road, street;an aerial view of a city intersection with cars
000185_infrared.png;infrared;B;urban;car, city, road, street;an aerial view of a city intersection with cars
000186_infrared.png;infrared;A;urban;car, city, road, street, train;an aerial view of a city intersection with cars and a train
000187_infrared.png;infrared;A;urban;building, car, city, road, street, train;an aerial view of a road with cars and a train
000188_infrared.png;infrared;B;urban;building, car, city, road, street, train;an aerial view of a road with cars and a train
000189_infrared.png;infrared;A;urban;building, car, city, road, street;a aerial view of a neighborhood with cars
000190_infrared.png;infrared;B;urban;building, city, road, train;a aerial view of a neighborhood and a train
000191_infrared.png;infrared;B;urban;building, city, road, train;a aerial view of a neighborhood and a train
000192_infrared.png;infrared;B;urban;building, city, road, train;a aerial view of a neighborhood and a train
000193_infrared.png;infrared;B;nature;animal, nature, tree;deers in a forest
000194_infrared.png;infrared;B;urban;building, city, road, train;a aerial view of a neighborhood and a train
000195_infrared.png;infrared;A;urban;building, city, road, train;a aerial view of a neighborhood and a train
000196_infrared.png;infrared;A;urban;building, city, street;a aerial view of a city
000197_infrared.png;infrared;B;urban;building, city, road, train;a aerial view of a neighborhood and train tracks
000198_infrared.png;infrared;B;urban;car, city, road, street;an aerial view of a city intersection with cars
000199_infrared.png;infrared;B;urban;building, car, city, road, street;an aerial view of a city intersection with cars
000200_infrared.png;infrared;B;urban;building, car, city, road, street;an aerial view of a road with cars
000201_infrared.png;infrared;A;urban;building, car, city, road, street;an aerial view of a road with cars
000202_infrared.png;infrared;A;urban;car, city, road, street;an aerial view of a road with cars
000203_infrared.png;infrared;B;nature;animal, nature, tree;a forest with stones and a deer
000204_infrared.png;infrared;B;urban;building, car, city, road, street;an aerial view of a road with cars
000205_infrared.png;infrared;B;urban;car, city, road, street;an aerial view of a road with cars
000206_infrared.png;infrared;A;urban;building, car, city, road, street;an aerial view of a city intersection with cars
000207_infrared.png;infrared;B;urban;car, city, road, street;an aerial view of a city intersection with cars
000208_infrared.png;infrared;A;nature;car, nature, road;an aerial view of a road with cars on a bridge
000209_infrared.png;infrared;B;nature;car, nature, road;an aerial view of a road with cars
000210_infrared.png;infrared;B;nature;building, city, nature, road;a aerial view of a neighborhood with tree on the background
000211_infrared.png;infrared;B;nature;building, city, nature, road;a aerial view of a neighborhood with tree on the foreground
000212_infrared.png;infrared;B;sea;nature, sea, ship;a large view of a cargo ship
000213_infrared.png;infrared;B;sea;nature, sea, ship;a large view of cargo ships
000214_infrared.png;infrared;B;sea;harbour, nature, sea, ship;a large view of a cargo ship with a harbour on the foreground
000215_infrared.png;infrared;A;sea;nature, sea, ship;a view of a cargo ship
000216_infrared.png;infrared;A;sea;city, nature, sea;a city skyline with the sea on the foreground
000217_infrared.png;infrared;A;sea;building, city, harbour, sea;a harbour with two tanks and the sea on the foreground
000218_infrared.png;infrared;B;sea;building, city, harbour, sea;a neighborhood near the sea
000219_infrared.png;infrared;B;sea;harbour, sea, ship;a boat in a harbour
000220_infrared.png;infrared;A;sea;nature, sea, ship;a boat is sailing in the sea
000221_infrared.png;infrared;B;sea;nature, sea, ship;a boat is sailing in the sea
000222_infrared.png;infrared;B;sea;harbour, sea, ship;a boat in a harbour
000223_infrared.png;infrared;A;sea;building, city, harbour, sea;a neighborhood near the sea
000224_infrared.png;infrared;A;sea;building, harbour, sea, ship;a boat in a harbour
000225_infrared.png;infrared;B;people;car, city, people, street;a street with peoples and parked cars
000226_infrared.png;infrared;B;nature;building, nature, tree;an electric tower in the forest
000227_infrared.png;infrared;A;sea;nature, sea, ship;a large view of two cargo ship
000228_infrared.png;infrared;A;sea;city, harbour;a view of a harbour
000229_infrared.png;infrared;B;sea;sea, ship;a view of a boat and a cargo ship
000230_infrared.png;infrared;A;nature;building, city, nature;a aerial view of a neighborhood and forest on the background
000231_infrared.png;infrared;B;people;building, city, people, street;a aerial view of a street with peoples
000232_infrared.png;infrared;A;nature;building, city, nature;a aerial view of a city with forest surronding
000233_infrared.png;infrared;B;sea;harbour, sea, ship;a boat in a harbour
000234_infrared.png;infrared;B;sea;nature, sea, ship;a large view of two cargo ship
000235_infrared.png;infrared;A;sea;nature, sea, ship;a large view of a cargo ship
000236_infrared.png;infrared;A;sea;building, city, harbour, sea;a harbour with two tanks and the sea on the foreground
000237_infrared.png;infrared;B;sea;building, city, harbour, sea;a neighborhood near the sea
000238_infrared.png;infrared;A;nature;building, city, nature;a aerial view of a city with forest surronding
000239_infrared.png;infrared;A;sea;harbour, sea, ship;a boat in a harbour
000240_infrared.png;infrared;A;nature;building, city, nature;a aerial view of a city with forest surronding
000241_infrared.png;infrared;B;sea;nature, sea, ship;a large view of a cargo ship
000242_infrared.png;infrared;A;sea;nature, sea, ship;a large view of a cargo ship
000243_infrared.png;infrared;B;sea;nature, sea, ship;a large view of a cargo ship
000244_infrared.png;infrared;B;nature;nature, sky;a view a the sky with clouds
000245_infrared.png;infrared;B;nature;mountain, nature, sky;a view a the mountains
000246_infrared.png;infrared;A;nature;car, nature, road;a aerial view of a road with cars and train tracks
000247_infrared.png;infrared;A;nature;building, city, nature;a aerial view of a building 
000248_infrared.png;infrared;B;nature;car, city, mountain, road, sky;a aerial view of a city with a road, cars and mountains on the background
000249_infrared.png;infrared;A;urban;car, city, road, street;a street with cars
000250_infrared.png;infrared;A;nature;city, mountain, road, street;a aerial view of a street with train tracks and montains on the background
000251_infrared.png;infrared;A;nature;car, city, mountain, nature, road;a aerial view of a road with cars and train tracks
000252_infrared.png;infrared;B;nature;animal, nature, tree;deers in a field
000253_infrared.png;infrared;B;nature;animal, nature, tree;a deer in a field
000254_infrared.png;infrared;A;nature;animal, nature, tree;deers in a field
000255_infrared.png;infrared;A;nature;animal, nature, tree;deers in a field
000256_infrared.png;infrared;A;nature;nature, tree;a view of tree
000257_infrared.png;infrared;A;nature;nature, tree;a view of tree
000258_infrared.png;infrared;A;nature;nature, tree;a view of tree
000259_infrared.png;infrared;A;nature;animal, nature, tree;deers in a field
000260_infrared.png;infrared;A;nature;animal, nature, tree;deers in a field
000261_infrared.png;infrared;A;nature;nature, tree;a view of tree
000262_infrared.png;infrared;A;nature;animal, nature, tree;deers in a forest
000263_infrared.png;infrared;A;nature;animal, nature, tree;a deer in a forest near a lake
000264_infrared.png;infrared;A;nature;animal, nature, tree;a deer in a forest
000265_infrared.png;infrared;A;nature;animal, nature, tree;deers in a forest
000266_infrared.png;infrared;B;nature;mountain, nature, tree;a forest fire
000267_infrared.png;infrared;B;nature;mountain, nature, tree;a forest fire
000268_infrared.png;infrared;A;nature;building, mountain, nature, sky;a mountain with a small house on it
000269_infrared.png;infrared;B;nature;car, city, people, road, street, tree;a street with cars and peoples
000270_infrared.png;infrared;B;nature;car, city, people, road, street, tree;a street with cars and peoples
000271_infrared.png;infrared;A;nature;car, city, people, road, street, tree;a street with cars and peoples
000272_infrared.png;infrared;A;nature;car, city, people, road, street, tree;a street with cars and peoples
000273_infrared.png;infrared;B;nature;car, city, people, road, street, tree;a street with cars and peoples
000274_infrared.png;infrared;A;nature;car, city, people, road, street, tree;a street with cars and peoples
000275_infrared.png;infrared;B;nature;car, city, people, road, street, tree;a street with cars and peoples
000276_infrared.png;infrared;A;nature;car, city, people, road, street, tree;a street with cars and peoples
000277_infrared.png;infrared;A;nature;car, city, people, road, street, tree;a street with cars and peoples
000278_infrared.png;infrared;B;nature;car, city, people, road, street, tree;a street with cars and peoples
000279_infrared.png;infrared;A;nature;car, city, people, road, street, tree;a street with cars and peoples
000280_infrared.png;infrared;B;nature;car, city, people, road, street, tree;a street with cars and peoples
000281_infrared.png;infrared;B;nature;car, city, people, road, street, tree;a street with cars and peoples
000282_infrared.png;infrared;B;people;city, cyclist, people, road, street;a street with peoples and a bycicle
000283_infrared.png;infrared;A;people;city, people, road, street;a street with peoples
000284_infrared.png;infrared;B;nature;car, city, road, street, tree;a street with cars and trees
000285_infrared.png;infrared;A;nature;car, city, people, road, street, tree;a street with cars and peoples
000286_infrared.png;infrared;A;people;city, people, road, street;a street with peoples
000287_infrared.png;infrared;B;nature;car, city, people, road, street, tree;a street with cars and peoples
000288_infrared.png;infrared;B;nature;car, city, road, street, tree;a street with cars and trees
000289_infrared.png;infrared;B;people;car, city, people, road, street;a street with cars and train tracks
000290_infrared.png;infrared;A;people;car, city, people, road, street;a street with cars and train tracks
000291_infrared.png;infrared;A;people;car, city, people, road, street;a street with cars and train tracks
000292_infrared.png;infrared;B;nature;car, city, people, road, street, tree;a street with cars and peoples
000293_infrared.png;infrared;A;nature;car, city, people, road, street, train, tree;a street with cars and a train
000294_infrared.png;infrared;A;nature;animal, nature, tree;deers in a forest
000295_infrared.png;infrared;B;nature;car, city, people, road, street, tree;a street with cars and peoples
000296_infrared.png;infrared;B;nature;car, city, people, road, street, tree;a street with cars and peoples
000297_infrared.png;infrared;B;nature;car, city, people, road, street, tree;a street with cars and peoples
000298_infrared.png;infrared;A;nature;car, city, people, road, street, tree;a street with cars and peoples
000299_infrared.png;infrared;B;people;car, city, people, road, street;a street with cars and train tracks
000300_infrared.png;infrared;B;nature;car, city, people, road, street, tree;a street with cars and peoples
000301_infrared.png;infrared;B;nature;car, city, people, road, street, tree;a street with cars and peoples
000302_infrared.png;infrared;A;people;building, city, people, road, street;a street with train tracks and a building on the foreground
000303_infrared.png;infrared;B;urban;building, car, city, road, street, train;a street with a train and a building on the foreground
000304_infrared.png;infrared;A;people;building, car, city, people, road, street;a street with train tracks and a building on the foreground and cars and peoples
000305_infrared.png;infrared;B;nature;animal, nature, tree;deers in a forest
000306_infrared.png;infrared;B;people;building, city, people, street;a street with peoples
000307_infrared.png;infrared;A;people;building, car, city, people, street;a street with peoples and cars
000308_infrared.png;infrared;A;people;building, car, city, people, street;a street with peoples and cars
000309_infrared.png;infrared;B;people;building, city, people, street;a street with peoples
000310_infrared.png;infrared;A;people;building, city, people, street;a street with peoples
000311_infrared.png;infrared;B;people;building, city, people, street;a street with peoples
000312_infrared.png;infrared;A;people;building, car, city, people, street;a street with peoples and cars
000313_infrared.png;infrared;A;people;car, city, people;a car and peoples
000314_infrared.png;infrared;A;people;building, city, people, street;a street with peoples
000315_infrared.png;infrared;A;people;building, city, people, street;a street with peoples
000316_infrared.png;infrared;A;people;building, car, city, people, street;a street with peoples and cars
000317_infrared.png;infrared;B;people;building, car, city, people, street;a street with peoples and cars
000318_infrared.png;infrared;B;people;building, city, people, street;a street with peoples
000319_infrared.png;infrared;A;people;building, car, city, people, street;a street with peoples and cars
000320_infrared.png;infrared;A;people;building, car, city, people, street;a street with peoples and cars
000321_infrared.png;infrared;B;people;building, city, people, street;a street with peoples
000322_infrared.png;infrared;B;people;building, city, people, street;a street with peoples
000323_infrared.png;infrared;A;nature;car, city, nature, road, tree;cars crossing a bridge on a road with city and trees on the background
000324_infrared.png;infrared;A;nature;car, city, cyclist, nature, road, tree;cars and cycilsts crossing a bridge on a road with city and trees on the background
000325_infrared.png;infrared;A;nature;nature, road, tree;a road with trees on the sides
000326_infrared.png;infrared;A;nature;car, nature, road, tree;a car driving down a road with trees on the sides
000327_infrared.png;infrared;A;nature;car, nature, road, tree;a car driving down a road with trees on the sides
000328_infrared.png;infrared;A;nature;car, nature, road, tree;a car driving down a road with trees on the sides
000329_infrared.png;infrared;B;nature;car, nature, road, tree;a car driving down a road with trees on the sides and a field on the left
000330_infrared.png;infrared;B;nature;car, mountain, nature, peoples, road;a car parked on a road with peoples and montains on the background
000331_infrared.png;infrared;B;nature;car, mountain, nature, peoples, road;a car parked on a road with peoples and montains on the background
000332_infrared.png;infrared;A;nature;building, nature, sky, tree;trees with the sky and the top of a building and a hot air balloon
000333_infrared.png;infrared;A;people;inside, object, people;a woman standing in front of a camera
000334_infrared.png;infrared;B;nature;animal, nature, tree;deers in a forest
000335_infrared.png;infrared;A;nature;animal, nature, tree;a deer in a forest
000336_infrared.png;infrared;A;nature;animal, nature, tree;deers in a forest
000337_infrared.png;infrared;B;nature;animal, nature, tree;deers in a forest
000338_infrared.png;infrared;A;nature;animal, nature, tree;a deer in a forest
000339_infrared.png;infrared;B;nature;animal, nature, tree;deers in a forest
000340_infrared.png;infrared;B;nature;animal, nature, tree;deers in a forest
000341_infrared.png;infrared;B;nature;animal, nature, tree;a deer in a forest
000342_infrared.png;infrared;A;nature;nature, tree;forest with trees
000343_infrared.png;infrared;B;nature;animal, nature, tree;a deer in a forest
000344_infrared.png;infrared;B;nature;nature, tree;forest with trees
000345_infrared.png;infrared;A;nature;animal, nature, tree;deers in a forest
000346_infrared.png;infrared;A;nature;animal, nature, tree;deers in a forest
000347_infrared.png;infrared;B;nature;animal, nature, tree;deers in a forest
000348_infrared.png;infrared;B;nature;animal, nature, tree;deers in a forest
000349_infrared.png;infrared;B;nature;animal, nature, tree;deers in a forest
000350_infrared.png;infrared;B;nature;animal, nature, tree;a deer in a forest
000351_infrared.png;infrared;B;nature;animal, nature, tree;a deer in a forest
000352_infrared.png;infrared;B;nature;animal, nature, tree;deers in a forest
000353_infrared.png;infrared;A;nature;animal, nature, tree;a deer in a forest
000354_infrared.png;infrared;A;nature;animal, nature, tree;a deer in a forest
000355_infrared.png;infrared;A;nature;animal, nature, tree;a deer in a forest
000356_infrared.png;infrared;A;nature;animal, nature, tree;deers in a forest
000357_infrared.png;infrared;B;nature;animal, nature, tree;deers in a forest
000358_infrared.png;infrared;A;nature;animal, nature, tree;a deer in a forest
000359_infrared.png;infrared;B;nature;animal, nature, tree;deers in a forest
000360_infrared.png;infrared;B;people;building, car, city, people, road;peoples crossing a bridge in a city
000361_infrared.png;infrared;B;nature;animal, nature, tree;birds in a tree
000362_infrared.png;infrared;A;people;building, city, people, road, street;peoples walking on the street
000363_infrared.png;infrared;B;people;people, street;people at a bar in the street
000364_infrared.png;infrared;A;nature;nature, road, tree;forest path
000365_infrared.png;infrared;B;nature;nature, tree;forest with trees
000366_infrared.png;infrared;B;nature;nature, tree;forest with trees
000367_infrared.png;infrared;A;people;people;people in the tramway
000368_infrared.png;infrared;A;people;people;people in the tramway
000369_infrared.png;infrared;A;people;people;people in the tramway
000370_infrared.png;infrared;A;people;people, road;people waiting at the bus stop 
000371_infrared.png;infrared;A;urban;building, city, street, train;a train with buildings on the back ground
000372_infrared.png;infrared;A;urban;building, city, street;inside of a building and outside the street
000373_infrared.png;infrared;B;people;city, people, street;a people waiting in the street
000374_infrared.png;infrared;A;object;building, city, inside, street;inside of a building
000375_infrared.png;infrared;A;people;building, inside, people;a man is standing in front of a refrigerator
000376_infrared.png;infrared;B;people;building, inside, people;people inside a building
000377_infrared.png;infrared;A;people;building, inside, people;people inside a building
000378_infrared.png;infrared;A;object;building, inside, object;an electric table
000379_infrared.png;infrared;B;people;building, inside, people;a man in a bar serving beer
000380_infrared.png;infrared;B;people;building, inside, people;two men drinking beer at a bar
000381_infrared.png;infrared;A;people;building, inside, people;a man playing dart
000382_infrared.png;infrared;B;people;building, inside, people;a man in a bar serving beer
000383_infrared.png;infrared;B;object;object;a pumpkin
000384_infrared.png;infrared;B;nature;car, city, nature, road, tree;cars crossing a bridge on a road with city and trees on the background
000385_infrared.png;infrared;A;sea;nature, people, sea, ship;a sailor in a ship
000386_infrared.png;infrared;A;sea;nature, people, sea, ship;a sailor in a ship
000387_infrared.png;infrared;B;nature;mountain, nature, people;a man standing next to a body of water
000388_infrared.png;infrared;B;sea;nature, people, sea, ship;a sailor in a ship
000389_infrared.png;infrared;B;object;object;a boiler
000390_infrared.png;infrared;A;object;object;a bottle floating in the water 
000391_infrared.png;infrared;B;object;object;a lamp
000392_infrared.png;infrared;B;object;object;a hand taking some fruits
000393_infrared.png;infrared;A;object;object;a pie
000394_infrared.png;infrared;A;object;object;a pie
000395_infrared.png;infrared;B;sea;nature, people, sea, ship;a sailor in a ship
000396_infrared.png;infrared;A;sea;nature, people, sea, ship;a sailor in a ship
000397_infrared.png;infrared;A;sea;nature, people, sea, ship;a sailor in a ship
000398_infrared.png;infrared;B;people;building, city, people, street;people in the street
000399_infrared.png;infrared;A;people;building, car, city, people, road, street;a car and pedestrians in the street
000400_infrared.png;infrared;A;people;building, city, people, street;people in the street
000401_infrared.png;infrared;B;nature;city, mountain, road;a bridge in a city with mountains in the background 
000402_infrared.png;infrared;B;nature;building, mountain;a mountain with buildings
000403_infrared.png;infrared;A;people;building, city, people, road;cars driving down a road with trees and building on the background
000404_infrared.png;infrared;B;people;building, city, people, street;people walking by the christmas market
000405_infrared.png;infrared;A;object;object;inside a house with objects
000406_infrared.png;infrared;A;people;inside, object, people;inside a house with objects and a man standing
000407_infrared.png;infrared;B;people;building, people;a woman is standing and taking a coffee
000408_infrared.png;infrared;B;people;building, city, people, street;people walking by the christmas market
000409_infrared.png;infrared;B;object;object;hot bread
000410_infrared.png;infrared;A;object;object;hot food
000411_infrared.png;infrared;B;people;city, people, street;people in the street
000412_infrared.png;infrared;B;people;inside, object, people;a painter inside a building
000413_infrared.png;infrared;A;people;inside, object, people;a painter inside a building
000414_infrared.png;infrared;A;people;inside, people;a woman sitting on a couch in a living room
000415_infrared.png;infrared;A;nature;city, nature, people, tree;a man sitting on a bench
000416_infrared.png;infrared;A;nature;building, city, nature;flower with blured building on the background
000417_infrared.png;infrared;A;nature;building, city, nature;flower with blured building on the background
000418_infrared.png;infrared;A;people;building, people, sky;pedestrians in front of the eiffle tower
000419_infrared.png;infrared;B;people;building, city, people, street;people in front of a metro entrance
000420_infrared.png;infrared;B;people;building, city, people, street;people in front of a building in the street
000421_infrared.png;infrared;B;urban;building, city;a building with a lot of windows
000422_infrared.png;infrared;A;nature;animal, building, city, nature, people, tree;pedestrians in a park with horses and trees
000423_infrared.png;infrared;B;people;building, city, people, street;a group of people in front of a building in the street
000424_infrared.png;infrared;A;nature;building, city, nature, people;a group of people in front of a building in a park with a statue
000425_infrared.png;infrared;A;nature;building, nature, people;a statue in a park in front of a building
000426_infrared.png;infrared;A;nature;building, nature, people;a statue in a park in front of a building
000427_infrared.png;infrared;A;nature;building, nature, people;a statue in a park in front of a building
000428_infrared.png;infrared;A;people;building, city, people, street;people in front of a building in the street
000429_infrared.png;infrared;A;sea;animal, building, sea;a bird sitting on a pole in the water in front of a building
000430_infrared.png;infrared;B;nature;animal, building, nature, people;a fountain in a park with people
000431_infrared.png;infrared;A;nature;building, nature, people;people in a park with buildings on the background
000432_infrared.png;infrared;B;nature;animal;two birds are standing on the ground
000433_infrared.png;infrared;A;urban;building, car, city, road;cars driving down the street with building in the background
000434_infrared.png;infrared;B;nature;building, city, nature;the eiff tower in paris the Seine and a park
000435_infrared.png;infrared;B;nature;nature;flowers in the grass
000436_infrared.png;infrared;B;people;object, people;a person is putting something into a sink
000437_infrared.png;infrared;A;people;object, people;a baker inside a building
000438_infrared.png;infrared;A;people;object, people;a baker inside a building
000439_infrared.png;infrared;B;object;object;bakeries
000440_infrared.png;infrared;A;object;object;bakeries
000441_infrared.png;infrared;A;people;object, people;a baker inside a building
000442_infrared.png;infrared;B;nature;nature, tree;a park with trees
000443_infrared.png;infrared;B;people;building, city, people, street;the louvre museum with people in front
000444_infrared.png;infrared;B;people;building, city, people, street;the louvre museum with people in front
000445_infrared.png;infrared;B;object;object;unknown
000446_infrared.png;infrared;B;sea;animal, sea;two birds are standing near the water
000447_infrared.png;infrared;A;people;building, city, people, street;people at the christmas market
000448_infrared.png;infrared;A;nature;animal, nature, tree;a deer in a forest
000449_infrared.png;infrared;B;nature;animal, nature;a deer in a field
000450_infrared.png;infrared;B;nature;animal, nature;deers in a field
000451_infrared.png;infrared;A;nature;animal, nature;deers in a field
000452_infrared.png;infrared;A;nature;animal, nature;deers in a field
000453_infrared.png;infrared;A;nature;animal, nature;a deer in a field
000454_infrared.png;infrared;A;nature;animal, nature;deers in a field
000455_infrared.png;infrared;B;nature;animal, nature;a deer in a field
000456_infrared.png;infrared;B;sea;animal, nature, sea;a bird is swimming in the water
000457_infrared.png;infrared;B;nature;animal, nature, tree;a deer in a forest
000458_infrared.png;infrared;A;nature;animal, nature, tree;deers in a forest
000459_infrared.png;infrared;B;nature;animal, nature, tree;deers in a forest
000460_infrared.png;infrared;A;people;building, city, people, street;aerial view of a garden with people
000461_infrared.png;infrared;B;nature;animal, nature, tree;a deer in a forest walking in the water
000462_infrared.png;infrared;A;nature;mountain, nature, people, road;people walking in the mountain on a road
000463_infrared.png;infrared;A;nature;animal, nature;goats in the forest with rocks
000464_infrared.png;infrared;B;object;object;a box with hands
000465_infrared.png;infrared;B;people;city, cyclist, people, street;a group of people standing around a bike
000466_infrared.png;infrared;B;people;inside, people;a group of people doing ice skating
000467_infrared.png;infrared;B;nature;building, mountain, nature;a mountain with buildings
000468_infrared.png;infrared;B;nature;city, mountain, road;a bridge in a city with mountains in the background 
000469_infrared.png;infrared;B;people;inside, people;people in a room doing gym
000470_infrared.png;infrared;B;people;inside, people;people in a room doing gym
000471_infrared.png;infrared;A;people;inside, people;people in a room doing gym
000472_infrared.png;infrared;B;people;building, city, people, street;a groupe of people playing music outside
000473_infrared.png;infrared;B;people;building, people;a group of people inside a house
000474_infrared.png;infrared;A;nature;cyclist, people, tree;people standing on bikes in a park
000475_infrared.png;infrared;A;nature;nature, people, tree;people walking in a park
000476_infrared.png;infrared;A;nature;nature, people, tree;people walking in a park
000477_infrared.png;infrared;B;people;building, car, city, people, street;a aerial view of a an ice skating ring and a parking with cars and buidings
000478_infrared.png;infrared;A;urban;building, car, city, road, street;cars driving down a street with buildings on the background
000479_infrared.png;infrared;B;nature;animal, nature, tree;a deer in a field
000480_infrared.png;infrared;B;nature;animal, nature, tree;a deer in a field
000481_infrared.png;infrared;A;nature;animal, nature, tree;a deer in a field
000482_infrared.png;infrared;A;nature;animal, nature, tree;a deer in a field
000483_infrared.png;infrared;B;nature;animal, nature, tree;a deer in a field
000484_infrared.png;infrared;A;urban;building, sky;electric tower with sky in the background
000485_infrared.png;infrared;A;urban;building, sky;electric tower with sky in the background
000486_infrared.png;infrared;A;people;building, people;person crossing a building gate
000487_infrared.png;infrared;B;nature;building, car, city, mountain, people, road, street;people in the street with cars and mountains in the background
000488_infrared.png;infrared;B;people;building, city, people, street;pedestrians in the street
000489_infrared.png;infrared;B;people;building, city, people, street;pedestrians in the street
000490_infrared.png;infrared;A;urban;car, street;a truck is parked in a parking lot
000491_infrared.png;infrared;A;nature;car, mountain, nature, road;a aerial view of a road with cars mountains in the background
000492_infrared.png;infrared;B;urban;building, car, city, road;cars driving down a road in a city
000493_infrared.png;infrared;B;people;building, car, city, people, street;a car driving down a street with pedestrians on the right
000494_infrared.png;infrared;A;nature;city, people, street, train, tree;people on the street with a train on the left and trees
000495_infrared.png;infrared;B;nature;car, mountain, nature, road;a car driving down the road
000496_infrared.png;infrared;B;nature;animal, nature, tree;a deer in a field
000497_infrared.png;infrared;A;people;building, car, city, cyclist, people, road, street;cars driving down the street with building in the background
000498_infrared.png;infrared;A;urban;building, car, city, road, street;cars driving down the street with building in the background
000499_infrared.png;infrared;B;urban;building;a sawmill
000500_infrared.png;infrared;B;nature;people, road, tree;people walking on a road with a forest on the back ground
000001_visible.png;visible;C;urban;street, building, car, tree;
000002_visible.png;visible;C;urban;street, building, car, tree;
000003_visible.png;visible;C;urban;street, car, tree;
000004_visible.png;visible;C;urban;street, car, tree;
000005_visible.png;visible;C;urban;street, car, tree;
000006_visible.png;visible;C;urban;street, car, tree;
000007_visible.png;visible;C;urban;street, car, tree;
000008_visible.png;visible;C;urban;road, tree;
000009_visible.png;visible;C;urban;street, car, tree;
000010_visible.png;visible;C;urban;road;
000011_visible.png;visible;C;urban;road, car, tree;
000012_visible.png;visible;C;urban;road, building, car;
000013_visible.png;visible;C;urban;street, building, car, tree;
000014_visible.png;visible;C;urban;street, building, car, tree;
000015_visible.png;visible;C;urban;street, building, car, tree;
000016_visible.png;visible;C;urban;street, building, car, tree;
000017_visible.png;visible;C;urban;road, car, tree;
000018_visible.png;visible;C;urban;road, car, tree;
000019_visible.png;visible;C;urban;road, building, car, tree;
000020_visible.png;visible;C;urban;road, tree;
000021_visible.png;visible;C;urban;road, tree;
000022_visible.png;visible;C;urban;street, car, tree;
000023_visible.png;visible;C;urban;road, street, car, tree;
000024_visible.png;visible;C;urban;street, car, tree;
000025_visible.png;visible;C;urban;street, building, car, tree;
000026_visible.png;visible;C;urban;street, building, tree;
000027_visible.png;visible;C;urban;street, tree;
000028_visible.png;visible;C;urban;street, building, car, tree;
000029_visible.png;visible;C;urban;street, building, car, tree;
000030_visible.png;visible;C;urban;street, building, car, tree;
000031_visible.png;visible;C;urban;street, building, car, tree;
000032_visible.png;visible;C;urban;street, car, tree;
000033_visible.png;visible;C;urban;street, building, car, tree;
000034_visible.png;visible;C;urban;street, building, car, tree;
000035_visible.png;visible;C;urban;street, building, tree;
000036_visible.png;visible;C;urban;road, building, car, tree;
000037_visible.png;visible;C;urban;road, building, car;
000038_visible.png;visible;C;urban;road, building;
000039_visible.png;visible;C;urban;street, building, car, tree;
000040_visible.png;visible;C;urban;street, building, car, tree;
000041_visible.png;visible;C;urban;street, building, car, tree;
000042_visible.png;visible;C;urban;street, building, car, tree;
000043_visible.png;visible;C;urban;street, building, tree;
000044_visible.png;visible;C;urban;street, building, tree;
000045_visible.png;visible;C;urban;street, car, tree;
000046_visible.png;visible;C;urban;street, building, car, tree;
000047_visible.png;visible;C;urban;road, car;
000048_visible.png;visible;C;urban;road, car, tree;
000049_visible.png;visible;C;urban;street, building, tree;
000050_visible.png;visible;C;urban;road, car, tree;
000051_visible.png;visible;C;urban;car, tree;
000052_visible.png;visible;C;urban;road, building, car;
000053_visible.png;visible;C;urban;street, building, car, tree;
000054_visible.png;visible;C;urban;street, building, car, tree;
000055_visible.png;visible;C;urban;street, building, car, tree;
000056_visible.png;visible;C;urban;street, building, car, tree;
000057_visible.png;visible;C;urban;street, building, car, tree;
000058_visible.png;visible;C;urban;street, building, tree;
000059_visible.png;visible;C;urban;road, building;
000060_visible.png;visible;C;urban;road, building, car;
000061_visible.png;visible;C;urban;road, building, car, tree;
000062_visible.png;visible;C;urban;street, building, car, tree;
000063_visible.png;visible;C;urban;street, building, car, tree;
000064_visible.png;visible;C;urban;street, building, car, tree;
000065_visible.png;visible;C;urban;street, building, tree;
000066_visible.png;visible;C;urban;street, building, tree;
000067_visible.png;visible;C;urban;street, building, tree;
000068_visible.png;visible;C;urban;road, building, car;
000069_visible.png;visible;C;urban;street, building, tree;
000070_visible.png;visible;C;urban;street, building, tree;
000071_visible.png;visible;C;urban;street, building, car, tree;
000072_visible.png;visible;C;urban;street, building, car, tree;
000073_visible.png;visible;C;urban;street, building, car, tree;
000074_visible.png;visible;C;urban;street, building, car, tree;
000075_visible.png;visible;C;urban;street, building, car, tree;
000076_visible.png;visible;C;urban;street, building, car, tree;
000077_visible.png;visible;C;urban;street, building, tree;
000078_visible.png;visible;C;urban;street, building, tree;
000079_visible.png;visible;C;urban;street, building, car, tree;
000080_visible.png;visible;C;urban;street, building, tree;
000081_visible.png;visible;C;urban;street, car, tree;
000082_visible.png;visible;C;urban;street, tree;
000083_visible.png;visible;C;urban;street, car, tree;
000084_visible.png;visible;C;urban;street, building, car, tree;
000085_visible.png;visible;C;urban;road, car;
000086_visible.png;visible;C;urban;road, building, car;
000087_visible.png;visible;C;urban;car, tree;
000088_visible.png;visible;C;urban;street, building, car, tree;
000089_visible.png;visible;C;urban;street, building, car, tree;
000090_visible.png;visible;C;urban;street, building, tree;
000091_visible.png;visible;C;urban;street, car, tree;
000092_visible.png;visible;C;urban;street, building, tree;
000093_visible.png;visible;C;urban;street, car, tree;
000094_visible.png;visible;C;urban;street, car, tree;
000095_visible.png;visible;C;urban;street, car, tree;
000096_visible.png;visible;C;urban;street, car, tree;
000097_visible.png;visible;C;urban;street, tree;
000098_visible.png;visible;C;urban;street, building, car, tree;
000099_visible.png;visible;C;urban;street, building, car, tree;
000100_visible.png;visible;C;urban;street, building, car, tree;
000101_visible.png;visible;C;urban;street, building, car, tree;
000102_visible.png;visible;C;urban;street, building, tree;
000103_visible.png;visible;C;urban;street, building, tree;
000104_visible.png;visible;C;urban;street, building, car, tree;
000105_visible.png;visible;C;urban;street, building, car, tree;
000106_visible.png;visible;C;urban;street, tree;
000107_visible.png;visible;C;urban;street, car, tree;
000108_visible.png;visible;C;urban;road, building, tree;
000109_visible.png;visible;C;urban;road, building, tree;
000110_visible.png;visible;C;urban;road, building, tree;
000111_visible.png;visible;C;urban;street, building, car, tree;
000112_visible.png;visible;C;urban;street, building, car, tree;
000113_visible.png;visible;C;urban;street, building, car, tree;
000114_visible.png;visible;C;urban;street, building, car, tree;
000115_visible.png;visible;C;urban;road, car, tree;
000116_visible.png;visible;C;urban;street, building, car, tree;
000117_visible.png;visible;C;urban;street, car, tree;
000118_visible.png;visible;C;urban;street, car, tree;
000119_visible.png;visible;C;urban;street, building, car, tree;
000120_visible.png;visible;C;urban;street, car, tree;
000121_visible.png;visible;C;urban;road, building, car, tree;
000122_visible.png;visible;C;urban;road, tree;
000123_visible.png;visible;C;urban;road, car, tree;
000124_visible.png;visible;C;urban;road, building, tree;
000125_visible.png;visible;C;urban;road, building, car;
000126_visible.png;visible;C;urban;road, building, car;
000127_visible.png;visible;C;urban;road, car, tree;
000128_visible.png;visible;C;urban;street, building, tree;
000129_visible.png;visible;C;urban;street, building, tree;
000130_visible.png;visible;C;urban;street, building, car, tree;
000131_visible.png;visible;C;urban;street, building, tree;
000132_visible.png;visible;C;urban;road, building, car;
000133_visible.png;visible;C;urban;street, building, tree;
000134_visible.png;visible;C;urban;street, tree;
000135_visible.png;visible;C;urban;street, building, tree;
000136_visible.png;visible;C;urban;road, tree;
000137_visible.png;visible;C;urban;road;
000138_visible.png;visible;C;urban;road;
000139_visible.png;visible;C;urban;street, building, tree;
000140_visible.png;visible;C;urban;road, tree;
000141_visible.png;visible;C;urban;road, tree;
000142_visible.png;visible;C;urban;road, building;
000143_visible.png;visible;C;urban;road, building;
000144_visible.png;visible;C;urban;road, tree;
000145_visible.png;visible;C;urban;road, tree;
000146_visible.png;visible;C;urban;road, tree;
000147_visible.png;visible;C;urban;road, car, tree;
000148_visible.png;visible;C;urban;road, building;
000149_visible.png;visible;C;urban;road, car, tree;
000150_visible.png;visible;C;urban;street, building, car, tree;